879,270,1,0,1,128
879,270,1,1,1,142
879,270,1,2,1,130
879,270,1,3,1,118
879,270,1,0,1,129
879,270,1,1,1,142
879,270,1,2,1,130
879,270,1,3,1,117
879,270,1,0,1,130
879,270,1,1,1,142
879,270,1,2,1,131
879,270,1,3,1,121
877,190,1,0,1,89
877,190,1,1,1,99
877,190,1,2,1,78
877,190,1,3,1,108
877,190,1,0,1,0
877,190,1,1,1,97
877,190,1,2,1,0
877,190,1,3,1,108
877,190,1,0,1,94
877,190,1,1,1,97
877,190,1,2,1,80
877,190,1,3,1,108
703,232,1,0,1,0
703,232,1,1,1,122
703,232,1,2,1,0
703,232,1,3,1,105
703,232,1,0,1,0
703,232,1,1,1,0
703,232,1,2,1,112
703,232,1,3,1,105
703,232,1,0,1,104
703,232,1,1,1,0
703,232,1,2,1,0
703,232,1,3,1,0
572,260,1,0,1,100
572,260,1,1,1,96
572,260,1,2,1,90
572,260,1,3,1,84
572,260,1,0,1,100
572,260,1,1,1,95
572,260,1,2,1,91
572,260,1,3,1,83
572,260,1,0,1,100
572,260,1,1,1,96
572,260,1,2,1,91
572,260,1,3,1,84
601,224,1,0,1,94
601,224,1,1,1,0
601,224,1,2,1,99
601,224,1,3,1,0
601,224,1,0,1,91
601,224,1,1,1,0
601,224,1,2,1,102
601,224,1,3,1,89
601,224,1,0,1,92
601,224,1,1,1,110
601,224,1,2,1,100
601,224,1,3,1,86
412,224,1,0,1,77
412,224,1,1,1,96
412,224,1,2,1,90
412,224,1,3,1,76
412,224,1,0,1,78
412,224,1,1,1,95
412,224,1,2,1,90
412,224,1,3,1,74
412,224,1,0,1,79
412,224,1,1,1,94
412,224,1,2,1,0
412,224,1,3,1,79
343,251,1,0,1,84
343,251,1,1,1,83
343,251,1,2,1,76
343,251,1,3,1,0
343,251,1,0,1,72
343,251,1,1,1,85
343,251,1,2,1,73
343,251,1,3,1,73
343,251,1,0,1,0
343,251,1,1,1,0
343,251,1,2,1,75
343,251,1,3,1,77
249,244,1,0,1,0
249,244,1,1,1,80
249,244,1,2,1,0
249,244,1,3,1,0
249,244,1,0,1,0
249,244,1,1,1,80
249,244,1,2,1,86
249,244,1,3,1,69
249,244,1,0,1,0
249,244,1,1,1,81
249,244,1,2,1,85
249,244,1,3,1,68
151,196,1,0,1,0
151,196,1,1,1,0
151,196,1,2,1,0
151,196,1,3,1,0
151,196,1,0,1,0
151,196,1,1,1,0
151,196,1,2,1,0
151,196,1,3,1,0
151,196,1,0,1,0
151,196,1,1,1,72
151,196,1,2,1,0
151,196,1,3,1,0
686,97,1,0,1,74
686,97,1,1,1,93
686,97,1,2,1,89
686,97,1,3,1,0
686,97,1,0,1,0
686,97,1,1,1,96
686,97,1,2,1,88
686,97,1,3,1,0
686,97,1,0,1,71
686,97,1,1,1,0
686,97,1,2,1,89
686,97,1,3,1,67
866,149,1,0,1,84
866,149,1,1,1,0
866,149,1,2,1,105
866,149,1,3,1,111
866,149,1,0,1,83
866,149,1,1,1,101
866,149,1,2,1,105
866,149,1,3,1,111
866,149,1,0,1,85
866,149,1,1,1,0
866,149,1,2,1,104
866,149,1,3,1,111
861,67,1,0,1,71
861,67,1,1,1,95
861,67,1,2,1,98
861,67,1,3,1,92
861,67,1,0,1,70
861,67,1,1,1,94
861,67,1,2,1,98
861,67,1,3,1,92
861,67,1,0,1,69
861,67,1,1,1,0
861,67,1,2,1,98
861,67,1,3,1,92
644,158,1,0,1,0
644,158,1,1,1,86
644,158,1,2,1,99
644,158,1,3,1,88
644,158,1,0,1,73
644,158,1,1,1,0
644,158,1,2,1,0
644,158,1,3,1,93
644,158,1,0,1,77
644,158,1,1,1,83
644,158,1,2,1,100
644,158,1,3,1,90
594,108,1,0,1,74
594,108,1,1,1,75
594,108,1,2,1,90
594,108,1,3,1,81
594,108,1,0,1,73
594,108,1,1,1,71
594,108,1,2,1,90
594,108,1,3,1,83
594,108,1,0,1,82
594,108,1,1,1,82
594,108,1,2,1,0
594,108,1,3,1,76
417,102,1,0,1,82
417,102,1,1,1,0
417,102,1,2,1,92
417,102,1,3,1,77
417,102,1,0,1,85
417,102,1,1,1,97
417,102,1,2,1,91
417,102,1,3,1,77
417,102,1,0,1,85
417,102,1,1,1,97
417,102,1,2,1,92
417,102,1,3,1,70
379,154,1,0,1,76
379,154,1,1,1,82
379,154,1,2,1,89
379,154,1,3,1,83
379,154,1,0,1,77
379,154,1,1,1,0
379,154,1,2,1,88
379,154,1,3,1,83
379,154,1,0,1,0
379,154,1,1,1,0
379,154,1,2,1,88
379,154,1,3,1,84
333,93,1,0,1,73
333,93,1,1,1,0
333,93,1,2,1,81
333,93,1,3,1,70
333,93,1,0,1,72
333,93,1,1,1,80
333,93,1,2,1,82
333,93,1,3,1,68
333,93,1,0,1,72
333,93,1,1,1,81
333,93,1,2,1,82
333,93,1,3,1,70
231,90,1,0,1,0
231,90,1,1,1,0
231,90,1,2,1,0
231,90,1,3,1,0
231,90,1,0,1,0
231,90,1,1,1,0
231,90,1,2,1,0
231,90,1,3,1,0
231,90,1,0,1,68
231,90,1,1,1,73
231,90,1,2,1,65
231,90,1,3,1,0
140,132,1,0,1,68
140,132,1,1,1,68
140,132,1,2,1,0
140,132,1,3,1,67
140,132,1,0,1,67
140,132,1,1,1,0
140,132,1,2,1,0
140,132,1,3,1,0
140,132,1,0,1,0
140,132,1,1,1,70
140,132,1,2,1,0
140,132,1,3,1,0
277,165,1,0,1,72
277,165,1,1,1,0
277,165,1,2,1,0
277,165,1,3,1,68
277,165,1,0,1,73
277,165,1,1,1,70
277,165,1,2,1,0
277,165,1,3,1,0
277,165,1,0,1,72
277,165,1,1,1,71
277,165,1,2,1,0
277,165,1,3,1,68
651,314,1,0,1,86
651,314,1,1,1,0
651,314,1,2,1,103
651,314,1,3,1,86
651,314,1,0,1,86
651,314,1,1,1,95
651,314,1,2,1,104
651,314,1,3,1,85
651,314,1,0,1,85
651,314,1,1,1,95
651,314,1,2,1,104
651,314,1,3,1,85
169,299,1,0,1,73
169,299,1,1,1,0
169,299,1,2,1,0
169,299,1,3,1,0
169,299,1,0,1,0
169,299,1,1,1,0
169,299,1,2,1,0
169,299,1,3,1,0
169,299,1,0,1,74
169,299,1,1,1,0
169,299,1,2,1,0
169,299,1,3,1,0
46,160,1,0,1,0
46,160,1,1,1,0
46,160,1,2,1,0
46,160,1,3,1,0
46,160,1,0,1,0
46,160,1,1,1,0
46,160,1,2,1,0
46,160,1,3,1,0
46,160,1,0,1,0
46,160,1,1,1,0
46,160,1,2,1,0
46,160,1,3,1,0
358,14,1,0,1,0
358,14,1,1,1,0
358,14,1,2,1,0
358,14,1,3,1,0
358,14,1,0,1,0
358,14,1,1,1,0
358,14,1,2,1,0
358,14,1,3,1,0
358,14,1,0,1,0
358,14,1,1,1,0
358,14,1,2,1,0
358,14,1,3,1,0
651,5,1,0,1,0
651,5,1,1,1,82
651,5,1,2,1,83
651,5,1,3,1,78
651,5,1,0,1,0
651,5,1,1,1,0
651,5,1,2,1,82
651,5,1,3,1,77
651,5,1,0,1,0
651,5,1,1,1,81
651,5,1,2,1,0
651,5,1,3,1,76
940,161,1,0,1,0
940,161,1,1,1,81
940,161,1,2,1,99
940,161,1,3,1,101
940,161,1,0,1,0
940,161,1,1,1,81
940,161,1,2,1,99
940,161,1,3,1,101
940,161,1,0,1,0
940,161,1,1,1,0
940,161,1,2,1,99
940,161,1,3,1,100
397,281,2,0,1,70
397,281,2,1,1,88
397,281,2,2,1,0
397,281,2,3,1,71
397,281,2,0,1,75
397,281,2,1,1,84
397,281,2,2,1,0
397,281,2,3,1,71
397,281,2,0,1,70
397,281,2,1,1,0
397,281,2,2,1,0
397,281,2,3,1,0
286,249,2,0,1,0
286,249,2,1,1,0
286,249,2,2,1,0
286,249,2,3,1,0
286,249,2,0,1,0
286,249,2,1,1,0
286,249,2,2,1,0
286,249,2,3,1,74
286,249,2,0,1,0
286,249,2,1,1,0
286,249,2,2,1,0
286,249,2,3,1,0
190,247,2,0,1,0
190,247,2,1,1,0
190,247,2,2,1,0
190,247,2,3,1,0
190,247,2,0,1,0
190,247,2,1,1,0
190,247,2,2,1,0
190,247,2,3,1,0
190,247,2,0,1,0
190,247,2,1,1,0
190,247,2,2,1,0
190,247,2,3,1,0
46,231,2,0,1,0
46,231,2,1,1,0
46,231,2,2,1,0
46,231,2,3,1,0
46,231,2,0,1,0
46,231,2,1,1,0
46,231,2,2,1,0
46,231,2,3,1,0
46,231,2,0,1,0
46,231,2,1,1,0
46,231,2,2,1,0
46,231,2,3,1,0
330,180,2,0,1,68
330,180,2,1,1,75
330,180,2,2,1,0
330,180,2,3,1,0
330,180,2,0,1,0
330,180,2,1,1,0
330,180,2,2,1,70
330,180,2,3,1,0
330,180,2,0,1,0
330,180,2,1,1,0
330,180,2,2,1,0
330,180,2,3,1,0
284,79,2,0,1,0
284,79,2,1,1,0
284,79,2,2,1,0
284,79,2,3,1,0
284,79,2,0,1,0
284,79,2,1,1,0
284,79,2,2,1,0
284,79,2,3,1,0
284,79,2,0,1,0
284,79,2,1,1,0
284,79,2,2,1,0
284,79,2,3,1,0
187,76,2,0,1,0
187,76,2,1,1,0
187,76,2,2,1,0
187,76,2,3,1,0
187,76,2,0,1,0
187,76,2,1,1,0
187,76,2,2,1,0
187,76,2,3,1,0
187,76,2,0,1,0
187,76,2,1,1,0
187,76,2,2,1,0
187,76,2,3,1,0
47,95,2,0,1,0
47,95,2,1,1,0
47,95,2,2,1,0
47,95,2,3,1,0
47,95,2,0,1,0
47,95,2,1,1,0
47,95,2,2,1,0
47,95,2,3,1,0
47,95,2,0,1,0
47,95,2,1,1,0
47,95,2,2,1,0
47,95,2,3,1,0
496,92,2,0,1,0
496,92,2,1,1,0
496,92,2,2,1,66
496,92,2,3,1,0
496,92,2,0,1,0
496,92,2,1,1,0
496,92,2,2,1,0
496,92,2,3,1,0
496,92,2,0,1,68
496,92,2,1,1,0
496,92,2,2,1,0
496,92,2,3,1,0
653,192,2,0,1,68
653,192,2,1,1,0
653,192,2,2,1,0
653,192,2,3,1,80
653,192,2,0,1,68
653,192,2,1,1,66
653,192,2,2,1,70
653,192,2,3,1,0
653,192,2,0,1,67
653,192,2,1,1,0
653,192,2,2,1,71
653,192,2,3,1,0
709,251,2,0,1,68
709,251,2,1,1,0
709,251,2,2,1,73
709,251,2,3,1,73
709,251,2,0,1,69
709,251,2,1,1,71
709,251,2,2,1,72
709,251,2,3,1,75
709,251,2,0,1,0
709,251,2,1,1,0
709,251,2,2,1,74
709,251,2,3,1,73
807,245,2,0,1,74
807,245,2,1,1,81
807,245,2,2,1,67
807,245,2,3,1,78
807,245,2,0,1,71
807,245,2,1,1,79
807,245,2,2,1,0
807,245,2,3,1,78
807,245,2,0,1,71
807,245,2,1,1,0
807,245,2,2,1,67
807,245,2,3,1,0
949,240,2,0,1,73
949,240,2,1,1,81
949,240,2,2,1,80
949,240,2,3,1,92
949,240,2,0,1,73
949,240,2,1,1,0
949,240,2,2,1,82
949,240,2,3,1,92
949,240,2,0,1,72
949,240,2,1,1,81
949,240,2,2,1,82
949,240,2,3,1,93
714,82,2,0,1,0
714,82,2,1,1,0
714,82,2,2,1,71
714,82,2,3,1,0
714,82,2,0,1,68
714,82,2,1,1,0
714,82,2,2,1,0
714,82,2,3,1,0
714,82,2,0,1,0
714,82,2,1,1,0
714,82,2,2,1,74
714,82,2,3,1,0
803,67,2,0,1,0
803,67,2,1,1,69
803,67,2,2,1,0
803,67,2,3,1,0
803,67,2,0,1,0
803,67,2,1,1,0
803,67,2,2,1,69
803,67,2,3,1,0
803,67,2,0,1,0
803,67,2,1,1,0
803,67,2,2,1,70
803,67,2,3,1,0
948,84,2,0,1,0
948,84,2,1,1,71
948,84,2,2,1,69
948,84,2,3,1,0
948,84,2,0,1,0
948,84,2,1,1,0
948,84,2,2,1,67
948,84,2,3,1,0
948,84,2,0,1,0
948,84,2,1,1,71
948,84,2,2,1,68
948,84,2,3,1,0
242,262,1,0,2,100
242,262,1,1,2,94
242,262,1,2,2,113
242,262,1,3,2,106
242,262,1,0,2,98
242,262,1,1,2,93
242,262,1,2,2,113
242,262,1,3,2,105
242,262,1,0,2,100
242,262,1,1,2,96
242,262,1,2,2,113
242,262,1,3,2,105
154,198,1,0,2,103
154,198,1,1,2,109
154,198,1,2,2,129
154,198,1,3,2,128
154,198,1,0,2,98
154,198,1,1,2,109
154,198,1,2,2,128
154,198,1,3,2,129
154,198,1,0,2,96
154,198,1,1,2,111
154,198,1,2,2,129
154,198,1,3,2,129
340,250,1,0,2,0
340,250,1,1,2,0
340,250,1,2,2,0
340,250,1,3,2,102
340,250,1,0,2,95
340,250,1,1,2,76
340,250,1,2,2,103
340,250,1,3,2,102
340,250,1,0,2,95
340,250,1,1,2,76
340,250,1,2,2,102
340,250,1,3,2,102
384,162,1,0,2,86
384,162,1,1,2,76
384,162,1,2,2,70
384,162,1,3,2,78
384,162,1,0,2,85
384,162,1,1,2,0
384,162,1,2,2,70
384,162,1,3,2,0
384,162,1,0,2,86
384,162,1,1,2,75
384,162,1,2,2,74
384,162,1,3,2,78
337,90,1,0,2,79
337,90,1,1,2,0
337,90,1,2,2,94
337,90,1,3,2,85
337,90,1,0,2,80
337,90,1,1,2,70
337,90,1,2,2,95
337,90,1,3,2,86
337,90,1,0,2,80
337,90,1,1,2,71
337,90,1,2,2,94
337,90,1,3,2,85
248,90,1,0,2,76
248,90,1,1,2,0
248,90,1,2,2,91
248,90,1,3,2,100
248,90,1,0,2,74
248,90,1,1,2,88
248,90,1,2,2,93
248,90,1,3,2,99
248,90,1,0,2,69
248,90,1,1,2,88
248,90,1,2,2,93
248,90,1,3,2,98
136,96,1,0,2,100
136,96,1,1,2,101
136,96,1,2,2,0
136,96,1,3,2,106
136,96,1,0,2,102
136,96,1,1,2,100
136,96,1,2,2,104
136,96,1,3,2,103
136,96,1,0,2,102
136,96,1,1,2,87
136,96,1,2,2,103
136,96,1,3,2,104
287,157,1,0,2,88
287,157,1,1,2,0
287,157,1,2,2,91
287,157,1,3,2,91
287,157,1,0,2,87
287,157,1,1,2,0
287,157,1,2,2,89
287,157,1,3,2,90
287,157,1,0,2,87
287,157,1,1,2,96
287,157,1,2,2,87
287,157,1,3,2,90
417,241,1,0,2,78
417,241,1,1,2,75
417,241,1,2,2,94
417,241,1,3,2,91
417,241,1,0,2,77
417,241,1,1,2,75
417,241,1,2,2,94
417,241,1,3,2,90
417,241,1,0,2,77
417,241,1,1,2,77
417,241,1,2,2,94
417,241,1,3,2,91
416,108,1,0,2,72
416,108,1,1,2,79
416,108,1,2,2,72
416,108,1,3,2,68
416,108,1,0,2,70
416,108,1,1,2,76
416,108,1,2,2,74
416,108,1,3,2,75
416,108,1,0,2,0
416,108,1,1,2,78
416,108,1,2,2,0
416,108,1,3,2,74
594,215,1,0,2,85
594,215,1,1,2,0
594,215,1,2,2,85
594,215,1,3,2,89
594,215,1,0,2,84
594,215,1,1,2,0
594,215,1,2,2,85
594,215,1,3,2,91
594,215,1,0,2,84
594,215,1,1,2,0
594,215,1,2,2,89
594,215,1,3,2,90
613,117,1,0,2,0
613,117,1,1,2,0
613,117,1,2,2,0
613,117,1,3,2,72
613,117,1,0,2,0
613,117,1,1,2,0
613,117,1,2,2,0
613,117,1,3,2,0
613,117,1,0,2,69
613,117,1,1,2,0
613,117,1,2,2,0
613,117,1,3,2,74
648,155,1,0,2,0
648,155,1,1,2,0
648,155,1,2,2,0
648,155,1,3,2,0
648,155,1,0,2,0
648,155,1,1,2,0
648,155,1,2,2,75
648,155,1,3,2,69
648,155,1,0,2,0
648,155,1,1,2,0
648,155,1,2,2,74
648,155,1,3,2,0
688,97,1,0,2,0
688,97,1,1,2,0
688,97,1,2,2,0
688,97,1,3,2,0
688,97,1,0,2,0
688,97,1,1,2,0
688,97,1,2,2,0
688,97,1,3,2,0
688,97,1,0,2,0
688,97,1,1,2,0
688,97,1,2,2,0
688,97,1,3,2,0
890,148,1,0,2,0
890,148,1,1,2,0
890,148,1,2,2,0
890,148,1,3,2,0
890,148,1,0,2,0
890,148,1,1,2,0
890,148,1,2,2,0
890,148,1,3,2,0
890,148,1,0,2,0
890,148,1,1,2,0
890,148,1,2,2,0
890,148,1,3,2,0
892,66,1,0,2,0
892,66,1,1,2,0
892,66,1,2,2,0
892,66,1,3,2,0
892,66,1,0,2,0
892,66,1,1,2,0
892,66,1,2,2,0
892,66,1,3,2,0
892,66,1,0,2,0
892,66,1,1,2,0
892,66,1,2,2,0
892,66,1,3,2,0
560,257,1,0,2,76
560,257,1,1,2,0
560,257,1,2,2,0
560,257,1,3,2,81
560,257,1,0,2,76
560,257,1,1,2,0
560,257,1,2,2,0
560,257,1,3,2,81
560,257,1,0,2,75
560,257,1,1,2,0
560,257,1,2,2,0
560,257,1,3,2,79
700,244,1,0,2,0
700,244,1,1,2,0
700,244,1,2,2,0
700,244,1,3,2,0
700,244,1,0,2,0
700,244,1,1,2,0
700,244,1,2,2,0
700,244,1,3,2,0
700,244,1,0,2,0
700,244,1,1,2,0
700,244,1,2,2,72
700,244,1,3,2,0
881,265,1,0,2,0
881,265,1,1,2,0
881,265,1,2,2,68
881,265,1,3,2,0
881,265,1,0,2,0
881,265,1,1,2,0
881,265,1,2,2,68
881,265,1,3,2,0
881,265,1,0,2,0
881,265,1,1,2,0
881,265,1,2,2,0
881,265,1,3,2,0
892,190,1,0,2,0
892,190,1,1,2,0
892,190,1,2,2,0
892,190,1,3,2,0
892,190,1,0,2,0
892,190,1,1,2,0
892,190,1,2,2,0
892,190,1,3,2,0
892,190,1,0,2,0
892,190,1,1,2,0
892,190,1,2,2,0
892,190,1,3,2,0
662,306,1,0,2,0
662,306,1,1,2,0
662,306,1,2,2,73
662,306,1,3,2,69
662,306,1,0,2,0
662,306,1,1,2,0
662,306,1,2,2,72
662,306,1,3,2,68
662,306,1,0,2,0
662,306,1,1,2,0
662,306,1,2,2,0
662,306,1,3,2,0
166,302,1,0,2,97
166,302,1,1,2,82
166,302,1,2,2,84
166,302,1,3,2,81
166,302,1,0,2,93
166,302,1,1,2,77
166,302,1,2,2,78
166,302,1,3,2,0
166,302,1,0,2,94
166,302,1,1,2,77
166,302,1,2,2,78
166,302,1,3,2,79
66,155,1,0,2,95
66,155,1,1,2,0
66,155,1,2,2,104
66,155,1,3,2,93
66,155,1,0,2,91
66,155,1,1,2,113
66,155,1,2,2,105
66,155,1,3,2,93
66,155,1,0,2,88
66,155,1,1,2,114
66,155,1,2,2,105
66,155,1,3,2,88
361,14,1,0,2,0
361,14,1,1,2,0
361,14,1,2,2,69
361,14,1,3,2,69
361,14,1,0,2,0
361,14,1,1,2,0
361,14,1,2,2,0
361,14,1,3,2,0
361,14,1,0,2,0
361,14,1,1,2,0
361,14,1,2,2,0
361,14,1,3,2,0
647,14,1,0,2,0
647,14,1,1,2,0
647,14,1,2,2,0
647,14,1,3,2,0
647,14,1,0,2,0
647,14,1,1,2,0
647,14,1,2,2,0
647,14,1,3,2,0
647,14,1,0,2,0
647,14,1,1,2,0
647,14,1,2,2,0
647,14,1,3,2,0
961,160,1,0,2,0
961,160,1,1,2,0
961,160,1,2,2,0
961,160,1,3,2,0
961,160,1,0,2,0
961,160,1,1,2,0
961,160,1,2,2,0
961,160,1,3,2,0
961,160,1,0,2,0
961,160,1,1,2,0
961,160,1,2,2,0
961,160,1,3,2,0
400,282,2,0,2,69
400,282,2,1,2,0
400,282,2,2,2,0
400,282,2,3,2,0
400,282,2,0,2,0
400,282,2,1,2,0
400,282,2,2,2,0
400,282,2,3,2,0
400,282,2,0,2,0
400,282,2,1,2,0
400,282,2,2,2,0
400,282,2,3,2,0
294,246,2,0,2,83
294,246,2,1,2,0
294,246,2,2,2,74
294,246,2,3,2,80
294,246,2,0,2,82
294,246,2,1,2,0
294,246,2,2,2,70
294,246,2,3,2,80
294,246,2,0,2,80
294,246,2,1,2,0
294,246,2,2,2,72
294,246,2,3,2,79
189,248,2,0,2,0
189,248,2,1,2,69
189,248,2,2,2,68
189,248,2,3,2,77
189,248,2,0,2,68
189,248,2,1,2,0
189,248,2,2,2,68
189,248,2,3,2,74
189,248,2,0,2,0
189,248,2,1,2,0
189,248,2,2,2,0
189,248,2,3,2,0
60,215,2,0,2,88
60,215,2,1,2,79
60,215,2,2,2,80
60,215,2,3,2,91
60,215,2,0,2,89
60,215,2,1,2,79
60,215,2,2,2,81
60,215,2,3,2,91
60,215,2,0,2,89
60,215,2,1,2,80
60,215,2,2,2,82
60,215,2,3,2,90
283,77,2,0,2,0
283,77,2,1,2,0
283,77,2,2,2,0
283,77,2,3,2,0
283,77,2,0,2,0
283,77,2,1,2,0
283,77,2,2,2,0
283,77,2,3,2,0
283,77,2,0,2,0
283,77,2,1,2,0
283,77,2,2,2,68
283,77,2,3,2,0
189,71,2,0,2,77
189,71,2,1,2,0
189,71,2,2,2,68
189,71,2,3,2,67
189,71,2,0,2,76
189,71,2,1,2,0
189,71,2,2,2,69
189,71,2,3,2,71
189,71,2,0,2,0
189,71,2,1,2,0
189,71,2,2,2,0
189,71,2,3,2,73
52,144,2,0,2,70
52,144,2,1,2,72
52,144,2,2,2,74
52,144,2,3,2,89
52,144,2,0,2,70
52,144,2,1,2,71
52,144,2,2,2,76
52,144,2,3,2,88
52,144,2,0,2,73
52,144,2,1,2,68
52,144,2,2,2,76
52,144,2,3,2,90
332,165,2,0,2,0
332,165,2,1,2,0
332,165,2,2,2,0
332,165,2,3,2,0
332,165,2,0,2,0
332,165,2,1,2,0
332,165,2,2,2,0
332,165,2,3,2,0
332,165,2,0,2,0
332,165,2,1,2,0
332,165,2,2,2,0
332,165,2,3,2,0
497,97,2,0,2,0
497,97,2,1,2,0
497,97,2,2,2,0
497,97,2,3,2,0
497,97,2,0,2,0
497,97,2,1,2,0
497,97,2,2,2,0
497,97,2,3,2,0
497,97,2,0,2,0
497,97,2,1,2,0
497,97,2,2,2,0
497,97,2,3,2,0
715,75,2,0,2,0
715,75,2,1,2,0
715,75,2,2,2,0
715,75,2,3,2,0
715,75,2,0,2,0
715,75,2,1,2,0
715,75,2,2,2,0
715,75,2,3,2,0
715,75,2,0,2,0
715,75,2,1,2,0
715,75,2,2,2,0
715,75,2,3,2,0
819,77,2,0,2,0
819,77,2,1,2,0
819,77,2,2,2,0
819,77,2,3,2,0
819,77,2,0,2,0
819,77,2,1,2,0
819,77,2,2,2,0
819,77,2,3,2,0
819,77,2,0,2,0
819,77,2,1,2,0
819,77,2,2,2,0
819,77,2,3,2,0
934,137,2,0,2,0
934,137,2,1,2,0
934,137,2,2,2,0
934,137,2,3,2,0
934,137,2,0,2,0
934,137,2,1,2,0
934,137,2,2,2,0
934,137,2,3,2,0
934,137,2,0,2,0
934,137,2,1,2,0
934,137,2,2,2,0
934,137,2,3,2,0
655,169,2,0,2,0
655,169,2,1,2,0
655,169,2,2,2,0
655,169,2,3,2,0
655,169,2,0,2,0
655,169,2,1,2,0
655,169,2,2,2,0
655,169,2,3,2,0
655,169,2,0,2,0
655,169,2,1,2,0
655,169,2,2,2,0
655,169,2,3,2,0
711,242,2,0,2,0
711,242,2,1,2,0
711,242,2,2,2,0
711,242,2,3,2,0
711,242,2,0,2,0
711,242,2,1,2,0
711,242,2,2,2,0
711,242,2,3,2,0
711,242,2,0,2,0
711,242,2,1,2,0
711,242,2,2,2,0
711,242,2,3,2,0
806,254,2,0,2,0
806,254,2,1,2,0
806,254,2,2,2,0
806,254,2,3,2,0
806,254,2,0,2,0
806,254,2,1,2,0
806,254,2,2,2,0
806,254,2,3,2,0
806,254,2,0,2,0
806,254,2,1,2,0
806,254,2,2,2,0
806,254,2,3,2,0
948,256,2,0,2,0
948,256,2,1,2,0
948,256,2,2,2,0
948,256,2,3,2,0
948,256,2,0,2,0
948,256,2,1,2,0
948,256,2,2,2,0
948,256,2,3,2,0
948,256,2,0,2,0
948,256,2,1,2,0
948,256,2,2,2,0
948,256,2,3,2,0
571,255,1,0,3,101
571,255,1,1,3,87
571,255,1,2,3,88
571,255,1,3,3,111
571,255,1,0,3,102
571,255,1,1,3,89
571,255,1,2,3,90
571,255,1,3,3,111
571,255,1,0,3,101
571,255,1,1,3,0
571,255,1,2,3,91
571,255,1,3,3,113
695,232,1,0,3,97
695,232,1,1,3,0
695,232,1,2,3,95
695,232,1,3,3,100
695,232,1,0,3,102
695,232,1,1,3,71
695,232,1,2,3,96
695,232,1,3,3,101
695,232,1,0,3,101
695,232,1,1,3,0
695,232,1,2,3,97
695,232,1,3,3,102
880,271,1,0,3,65
880,271,1,1,3,0
880,271,1,2,3,68
880,271,1,3,3,77
880,271,1,0,3,71
880,271,1,1,3,0
880,271,1,2,3,71
880,271,1,3,3,70
880,271,1,0,3,68
880,271,1,1,3,0
880,271,1,2,3,69
880,271,1,3,3,68
885,190,1,0,3,72
885,190,1,1,3,70
885,190,1,2,3,66
885,190,1,3,3,69
885,190,1,0,3,70
885,190,1,1,3,67
885,190,1,2,3,65
885,190,1,3,3,66
885,190,1,0,3,70
885,190,1,1,3,67
885,190,1,2,3,67
885,190,1,3,3,0
646,160,1,0,3,75
646,160,1,1,3,0
646,160,1,2,3,0
646,160,1,3,3,101
646,160,1,0,3,0
646,160,1,1,3,95
646,160,1,2,3,0
646,160,1,3,3,0
646,160,1,0,3,69
646,160,1,1,3,0
646,160,1,2,3,93
646,160,1,3,3,99
683,95,1,0,3,70
683,95,1,1,3,0
683,95,1,2,3,0
683,95,1,3,3,76
683,95,1,0,3,0
683,95,1,1,3,0
683,95,1,2,3,0
683,95,1,3,3,79
683,95,1,0,3,0
683,95,1,1,3,0
683,95,1,2,3,0
683,95,1,3,3,78
868,147,1,0,3,0
868,147,1,1,3,69
868,147,1,2,3,67
868,147,1,3,3,73
868,147,1,0,3,0
868,147,1,1,3,0
868,147,1,2,3,68
868,147,1,3,3,70
868,147,1,0,3,0
868,147,1,1,3,67
868,147,1,2,3,67
868,147,1,3,3,72
866,64,1,0,3,67
866,64,1,1,3,0
866,64,1,2,3,0
866,64,1,3,3,0
866,64,1,0,3,67
866,64,1,1,3,0
866,64,1,2,3,73
866,64,1,3,3,0
866,64,1,0,3,0
866,64,1,1,3,0
866,64,1,2,3,73
866,64,1,3,3,0
594,111,1,0,3,83
594,111,1,1,3,84
594,111,1,2,3,105
594,111,1,3,3,93
594,111,1,0,3,80
594,111,1,1,3,0
594,111,1,2,3,106
594,111,1,3,3,101
594,111,1,0,3,79
594,111,1,1,3,91
594,111,1,2,3,105
594,111,1,3,3,101
403,102,1,0,3,103
403,102,1,1,3,102
403,102,1,2,3,77
403,102,1,3,3,98
403,102,1,0,3,102
403,102,1,1,3,104
403,102,1,2,3,0
403,102,1,3,3,96
403,102,1,0,3,102
403,102,1,1,3,104
403,102,1,2,3,79
403,102,1,3,3,96
375,166,1,0,3,100
375,166,1,1,3,95
375,166,1,2,3,79
375,166,1,3,3,107
375,166,1,0,3,87
375,166,1,1,3,0
375,166,1,2,3,97
375,166,1,3,3,101
375,166,1,0,3,0
375,166,1,1,3,0
375,166,1,2,3,97
375,166,1,3,3,100
393,246,1,0,3,0
393,246,1,1,3,0
393,246,1,2,3,84
393,246,1,3,3,106
393,246,1,0,3,0
393,246,1,1,3,102
393,246,1,2,3,79
393,246,1,3,3,105
393,246,1,0,3,79
393,246,1,1,3,0
393,246,1,2,3,88
393,246,1,3,3,0
344,244,1,0,3,81
344,244,1,1,3,0
344,244,1,2,3,83
344,244,1,3,3,70
344,244,1,0,3,0
344,244,1,1,3,87
344,244,1,2,3,82
344,244,1,3,3,70
344,244,1,0,3,80
344,244,1,1,3,0
344,244,1,2,3,0
344,244,1,3,3,71
248,241,1,0,3,85
248,241,1,1,3,0
248,241,1,2,3,66
248,241,1,3,3,73
248,241,1,0,3,85
248,241,1,1,3,73
248,241,1,2,3,68
248,241,1,3,3,73
248,241,1,0,3,81
248,241,1,1,3,73
248,241,1,2,3,0
248,241,1,3,3,76
154,197,1,0,3,0
154,197,1,1,3,0
154,197,1,2,3,0
154,197,1,3,3,0
154,197,1,0,3,73
154,197,1,1,3,76
154,197,1,2,3,0
154,197,1,3,3,66
154,197,1,0,3,75
154,197,1,1,3,77
154,197,1,2,3,66
154,197,1,3,3,66
331,94,1,0,3,78
331,94,1,1,3,0
331,94,1,2,3,70
331,94,1,3,3,0
331,94,1,0,3,84
331,94,1,1,3,71
331,94,1,2,3,68
331,94,1,3,3,83
331,94,1,0,3,0
331,94,1,1,3,72
331,94,1,2,3,70
331,94,1,3,3,83
274,162,1,0,3,68
274,162,1,1,3,69
274,162,1,2,3,0
274,162,1,3,3,0
274,162,1,0,3,0
274,162,1,1,3,69
274,162,1,2,3,76
274,162,1,3,3,0
274,162,1,0,3,0
274,162,1,1,3,72
274,162,1,2,3,70
274,162,1,3,3,67
241,91,1,0,3,86
241,91,1,1,3,73
241,91,1,2,3,70
241,91,1,3,3,67
241,91,1,0,3,86
241,91,1,1,3,0
241,91,1,2,3,70
241,91,1,3,3,0
241,91,1,0,3,85
241,91,1,1,3,72
241,91,1,2,3,68
241,91,1,3,3,0
152,140,1,0,3,72
152,140,1,1,3,0
152,140,1,2,3,0
152,140,1,3,3,0
152,140,1,0,3,69
152,140,1,1,3,69
152,140,1,2,3,0
152,140,1,3,3,67
152,140,1,0,3,69
152,140,1,1,3,70
152,140,1,2,3,67
152,140,1,3,3,0
644,301,1,0,3,80
644,301,1,1,3,0
644,301,1,2,3,78
644,301,1,3,3,79
644,301,1,0,3,80
644,301,1,1,3,0
644,301,1,2,3,74
644,301,1,3,3,78
644,301,1,0,3,78
644,301,1,1,3,0
644,301,1,2,3,0
644,301,1,3,3,0
172,301,1,0,3,0
172,301,1,1,3,0
172,301,1,2,3,0
172,301,1,3,3,0
172,301,1,0,3,67
172,301,1,1,3,70
172,301,1,2,3,0
172,301,1,3,3,0
172,301,1,0,3,68
172,301,1,1,3,69
172,301,1,2,3,0
172,301,1,3,3,68
51,154,1,0,3,0
51,154,1,1,3,0
51,154,1,2,3,0
51,154,1,3,3,0
51,154,1,0,3,66
51,154,1,1,3,0
51,154,1,2,3,0
51,154,1,3,3,0
51,154,1,0,3,0
51,154,1,1,3,65
51,154,1,2,3,0
51,154,1,3,3,0
366,10,1,0,3,0
366,10,1,1,3,0
366,10,1,2,3,70
366,10,1,3,3,73
366,10,1,0,3,66
366,10,1,1,3,0
366,10,1,2,3,0
366,10,1,3,3,74
366,10,1,0,3,66
366,10,1,1,3,75
366,10,1,2,3,71
366,10,1,3,3,74
644,13,1,0,3,75
644,13,1,1,3,0
644,13,1,2,3,66
644,13,1,3,3,0
644,13,1,0,3,75
644,13,1,1,3,0
644,13,1,2,3,0
644,13,1,3,3,0
644,13,1,0,3,76
644,13,1,1,3,0
644,13,1,2,3,0
644,13,1,3,3,68
947,158,1,0,3,0
947,158,1,1,3,0
947,158,1,2,3,0
947,158,1,3,3,0
947,158,1,0,3,0
947,158,1,1,3,0
947,158,1,2,3,68
947,158,1,3,3,0
947,158,1,0,3,0
947,158,1,1,3,0
947,158,1,2,3,0
947,158,1,3,3,0
707,81,2,0,3,68
707,81,2,1,3,70
707,81,2,2,3,68
707,81,2,3,3,106
707,81,2,0,3,71
707,81,2,1,3,76
707,81,2,2,3,68
707,81,2,3,3,106
707,81,2,0,3,0
707,81,2,1,3,75
707,81,2,2,3,69
707,81,2,3,3,107
805,71,2,0,3,0
805,71,2,1,3,0
805,71,2,2,3,0
805,71,2,3,3,93
805,71,2,0,3,71
805,71,2,1,3,0
805,71,2,2,3,82
805,71,2,3,3,92
805,71,2,0,3,0
805,71,2,1,3,72
805,71,2,2,3,0
805,71,2,3,3,93
926,105,2,0,3,0
926,105,2,1,3,0
926,105,2,2,3,0
926,105,2,3,3,0
926,105,2,0,3,69
926,105,2,1,3,65
926,105,2,2,3,71
926,105,2,3,3,0
926,105,2,0,3,71
926,105,2,1,3,0
926,105,2,2,3,69
926,105,2,3,3,0
705,250,2,0,3,68
705,250,2,1,3,0
705,250,2,2,3,78
705,250,2,3,3,98
705,250,2,0,3,0
705,250,2,1,3,78
705,250,2,2,3,0
705,250,2,3,3,99
705,250,2,0,3,71
705,250,2,1,3,78
705,250,2,2,3,76
705,250,2,3,3,98
806,257,2,0,3,90
806,257,2,1,3,72
806,257,2,2,3,67
806,257,2,3,3,0
806,257,2,0,3,88
806,257,2,1,3,0
806,257,2,2,3,67
806,257,2,3,3,91
806,257,2,0,3,0
806,257,2,1,3,0
806,257,2,2,3,0
806,257,2,3,3,0
924,221,2,0,3,68
924,221,2,1,3,75
924,221,2,2,3,79
924,221,2,3,3,86
924,221,2,0,3,0
924,221,2,1,3,73
924,221,2,2,3,0
924,221,2,3,3,86
924,221,2,0,3,68
924,221,2,1,3,0
924,221,2,2,3,0
924,221,2,3,3,86
660,179,2,0,3,92
660,179,2,1,3,101
660,179,2,2,3,0
660,179,2,3,3,102
660,179,2,0,3,0
660,179,2,1,3,101
660,179,2,2,3,89
660,179,2,3,3,103
660,179,2,0,3,92
660,179,2,1,3,0
660,179,2,2,3,85
660,179,2,3,3,0
503,97,2,0,3,116
503,97,2,1,3,0
503,97,2,2,3,106
503,97,2,3,3,118
503,97,2,0,3,117
503,97,2,1,3,82
503,97,2,2,3,105
503,97,2,3,3,118
503,97,2,0,3,117
503,97,2,1,3,82
503,97,2,2,3,0
503,97,2,3,3,118
329,195,2,0,3,136
329,195,2,1,3,111
329,195,2,2,3,106
329,195,2,3,3,123
329,195,2,0,3,136
329,195,2,1,3,110
329,195,2,2,3,103
329,195,2,3,3,123
329,195,2,0,3,0
329,195,2,1,3,109
329,195,2,2,3,105
329,195,2,3,3,0
288,244,2,0,3,113
288,244,2,1,3,109
288,244,2,2,3,89
288,244,2,3,3,99
288,244,2,0,3,0
288,244,2,1,3,0
288,244,2,2,3,0
288,244,2,3,3,0
288,244,2,0,3,111
288,244,2,1,3,0
288,244,2,2,3,84
288,244,2,3,3,98
186,249,2,0,3,84
186,249,2,1,3,72
186,249,2,2,3,81
186,249,2,3,3,71
186,249,2,0,3,0
186,249,2,1,3,0
186,249,2,2,3,79
186,249,2,3,3,71
186,249,2,0,3,0
186,249,2,1,3,0
186,249,2,2,3,0
186,249,2,3,3,0
79,212,2,0,3,86
79,212,2,1,3,0
79,212,2,2,3,0
79,212,2,3,3,81
79,212,2,0,3,88
79,212,2,1,3,96
79,212,2,2,3,0
79,212,2,3,3,80
79,212,2,0,3,88
79,212,2,1,3,0
79,212,2,2,3,0
79,212,2,3,3,0
286,77,2,0,3,0
286,77,2,1,3,0
286,77,2,2,3,0
286,77,2,3,3,103
286,77,2,0,3,0
286,77,2,1,3,120
286,77,2,2,3,110
286,77,2,3,3,108
286,77,2,0,3,100
286,77,2,1,3,0
286,77,2,2,3,111
286,77,2,3,3,0
187,65,2,0,3,0
187,65,2,1,3,97
187,65,2,2,3,0
187,65,2,3,3,0
187,65,2,0,3,79
187,65,2,1,3,98
187,65,2,2,3,0
187,65,2,3,3,94
187,65,2,0,3,0
187,65,2,1,3,0
187,65,2,2,3,0
187,65,2,3,3,95
49,107,2,0,3,66
49,107,2,1,3,0
49,107,2,2,3,76
49,107,2,3,3,72
49,107,2,0,3,74
49,107,2,1,3,86
49,107,2,2,3,0
49,107,2,3,3,72
49,107,2,0,3,0
49,107,2,1,3,87
49,107,2,2,3,83
49,107,2,3,3,0
396,281,2,0,3,119
396,281,2,1,3,97
396,281,2,2,3,102
396,281,2,3,3,0
396,281,2,0,3,0
396,281,2,1,3,0
396,281,2,2,3,0
396,281,2,3,3,111
396,281,2,0,3,0
396,281,2,1,3,0
396,281,2,2,3,0
396,281,2,3,3,120
396,281,2,0,3,123
396,281,2,1,3,91
396,281,2,2,3,90
396,281,2,3,3,121
396,281,2,0,3,123
396,281,2,1,3,91
396,281,2,2,3,90
396,281,2,3,3,121
396,281,2,0,3,123
396,281,2,1,3,91
396,281,2,2,3,96
396,281,2,3,3,0
396,281,2,0,3,99
396,281,2,1,3,100
396,281,2,2,3,103
396,281,2,3,3,102
396,281,2,0,3,86
396,281,2,1,3,102
396,281,2,2,3,106
396,281,2,3,3,0
396,281,2,0,3,87
396,281,2,1,3,97
396,281,2,2,3,90
396,281,2,3,3,95
396,281,2,0,3,96
396,281,2,1,3,0
396,281,2,2,3,81
396,281,2,3,3,88
396,281,2,0,3,0
396,281,2,1,3,0
396,281,2,2,3,88
396,281,2,3,3,86
396,281,2,0,3,85
396,281,2,1,3,91
396,281,2,2,3,0
396,281,2,3,3,72
396,281,2,0,3,91
396,281,2,1,3,0
396,281,2,2,3,96
396,281,2,3,3,72
396,281,2,0,3,89
396,281,2,1,3,87
396,281,2,2,3,94
396,281,2,3,3,0
396,281,2,0,3,0
396,281,2,1,3,0
396,281,2,2,3,0
396,281,2,3,3,0
396,281,2,0,3,86
396,281,2,1,3,89
396,281,2,2,3,92
396,281,2,3,3,0
396,281,2,0,3,87
396,281,2,1,3,0
396,281,2,2,3,95
396,281,2,3,3,0
396,281,2,0,3,0
396,281,2,1,3,0
396,281,2,2,3,0
396,281,2,3,3,80
396,281,2,0,3,0
396,281,2,1,3,0
396,281,2,2,3,95
396,281,2,3,3,0
396,281,2,0,3,82
396,281,2,1,3,86
396,281,2,2,3,0
396,281,2,3,3,0
396,281,2,0,3,82
396,281,2,1,3,91
396,281,2,2,3,0
396,281,2,3,3,83
396,281,2,0,3,83
396,281,2,1,3,0
396,281,2,2,3,0
396,281,2,3,3,80
396,281,2,0,3,0
396,281,2,1,3,0
396,281,2,2,3,0
396,281,2,3,3,74
396,281,2,0,3,103
396,281,2,1,3,0
396,281,2,2,3,0
396,281,2,3,3,81
396,281,2,0,3,91
396,281,2,1,3,83
396,281,2,2,3,103
396,281,2,3,3,99
396,281,2,0,3,0
396,281,2,1,3,0
396,281,2,2,3,0
396,281,2,3,3,0
396,281,2,0,3,0
396,281,2,1,3,0
396,281,2,2,3,88
396,281,2,3,3,82
396,281,2,0,3,0
396,281,2,1,3,0
396,281,2,2,3,91
396,281,2,3,3,90
396,281,2,0,3,101
396,281,2,1,3,94
396,281,2,2,3,0
396,281,2,3,3,79
396,281,2,0,3,101
396,281,2,1,3,0
396,281,2,2,3,98
396,281,2,3,3,79
396,281,2,0,3,0
396,281,2,1,3,0
396,281,2,2,3,101
396,281,2,3,3,107
396,281,2,0,3,89
396,281,2,1,3,73
396,281,2,2,3,0
396,281,2,3,3,0
396,281,2,0,3,69
396,281,2,1,3,73
396,281,2,2,3,71
396,281,2,3,3,68
396,281,2,0,3,0
396,281,2,1,3,0
396,281,2,2,3,0
396,281,2,3,3,78
396,281,2,0,3,0
396,281,2,1,3,70
396,281,2,2,3,67
396,281,2,3,3,0
396,281,2,0,3,75
396,281,2,1,3,0
396,281,2,2,3,68
396,281,2,3,3,72
881,267,1,0,4,0
881,267,1,1,4,0
881,267,1,2,4,0
881,267,1,3,4,72
881,267,1,0,4,0
881,267,1,1,4,0
881,267,1,2,4,0
881,267,1,3,4,67
881,267,1,0,4,0
881,267,1,1,4,0
881,267,1,2,4,0
881,267,1,3,4,69
884,190,1,0,4,67
884,190,1,1,4,68
884,190,1,2,4,68
884,190,1,3,4,72
884,190,1,0,4,68
884,190,1,1,4,0
884,190,1,2,4,66
884,190,1,3,4,72
884,190,1,0,4,69
884,190,1,1,4,65
884,190,1,2,4,67
884,190,1,3,4,72
696,243,1,0,4,70
696,243,1,1,4,68
696,243,1,2,4,70
696,243,1,3,4,78
696,243,1,0,4,76
696,243,1,1,4,0
696,243,1,2,4,68
696,243,1,3,4,78
696,243,1,0,4,72
696,243,1,1,4,0
696,243,1,2,4,68
696,243,1,3,4,79
641,160,1,0,4,0
641,160,1,1,4,0
641,160,1,2,4,0
641,160,1,3,4,0
641,160,1,0,4,79
641,160,1,1,4,0
641,160,1,2,4,89
641,160,1,3,4,83
641,160,1,0,4,88
641,160,1,1,4,102
641,160,1,2,4,88
641,160,1,3,4,85
684,97,1,0,4,0
684,97,1,1,4,0
684,97,1,2,4,76
684,97,1,3,4,77
684,97,1,0,4,79
684,97,1,1,4,80
684,97,1,2,4,78
684,97,1,3,4,79
684,97,1,0,4,77
684,97,1,1,4,81
684,97,1,2,4,75
684,97,1,3,4,77
869,148,1,0,4,76
869,148,1,1,4,0
869,148,1,2,4,70
869,148,1,3,4,68
869,148,1,0,4,0
869,148,1,1,4,0
869,148,1,2,4,67
869,148,1,3,4,0
869,148,1,0,4,77
869,148,1,1,4,0
869,148,1,2,4,69
869,148,1,3,4,67
863,60,1,0,4,0
863,60,1,1,4,0
863,60,1,2,4,0
863,60,1,3,4,0
863,60,1,0,4,73
863,60,1,1,4,0
863,60,1,2,4,77
863,60,1,3,4,68
863,60,1,0,4,0
863,60,1,1,4,0
863,60,1,2,4,0
863,60,1,3,4,0
598,110,1,0,4,100
598,110,1,1,4,107
598,110,1,2,4,100
598,110,1,3,4,94
598,110,1,0,4,101
598,110,1,1,4,107
598,110,1,2,4,101
598,110,1,3,4,92
598,110,1,0,4,100
598,110,1,1,4,106
598,110,1,2,4,101
598,110,1,3,4,89
419,102,1,0,4,88
419,102,1,1,4,100
419,102,1,2,4,66
419,102,1,3,4,84
419,102,1,0,4,90
419,102,1,1,4,100
419,102,1,2,4,67
419,102,1,3,4,89
419,102,1,0,4,83
419,102,1,1,4,100
419,102,1,2,4,71
419,102,1,3,4,86
330,93,1,0,4,73
330,93,1,1,4,84
330,93,1,2,4,67
330,93,1,3,4,68
330,93,1,0,4,80
330,93,1,1,4,85
330,93,1,2,4,0
330,93,1,3,4,66
330,93,1,0,4,0
330,93,1,1,4,84
330,93,1,2,4,0
330,93,1,3,4,67
247,89,1,0,4,71
247,89,1,1,4,68
247,89,1,2,4,68
247,89,1,3,4,70
247,89,1,0,4,71
247,89,1,1,4,0
247,89,1,2,4,67
247,89,1,3,4,73
247,89,1,0,4,70
247,89,1,1,4,66
247,89,1,2,4,66
247,89,1,3,4,72
136,125,1,0,4,0
136,125,1,1,4,66
136,125,1,2,4,0
136,125,1,3,4,0
136,125,1,0,4,0
136,125,1,1,4,0
136,125,1,2,4,0
136,125,1,3,4,0
136,125,1,0,4,67
136,125,1,1,4,67
136,125,1,2,4,0
136,125,1,3,4,0
366,171,1,0,4,83
366,171,1,1,4,102
366,171,1,2,4,98
366,171,1,3,4,98
366,171,1,0,4,0
366,171,1,1,4,0
366,171,1,2,4,0
366,171,1,3,4,0
366,171,1,0,4,0
366,171,1,1,4,0
366,171,1,2,4,0
366,171,1,3,4,0
338,245,1,0,4,0
338,245,1,1,4,88
338,245,1,2,4,74
338,245,1,3,4,70
338,245,1,0,4,87
338,245,1,1,4,89
338,245,1,2,4,73
338,245,1,3,4,72
338,245,1,0,4,88
338,245,1,1,4,91
338,245,1,2,4,73
338,245,1,3,4,70
246,239,1,0,4,0
246,239,1,1,4,73
246,239,1,2,4,68
246,239,1,3,4,67
246,239,1,0,4,0
246,239,1,1,4,73
246,239,1,2,4,67
246,239,1,3,4,0
246,239,1,0,4,67
246,239,1,1,4,73
246,239,1,2,4,67
246,239,1,3,4,67
141,192,1,0,4,0
141,192,1,1,4,0
141,192,1,2,4,68
141,192,1,3,4,66
141,192,1,0,4,0
141,192,1,1,4,0
141,192,1,2,4,70
141,192,1,3,4,67
141,192,1,0,4,0
141,192,1,1,4,0
141,192,1,2,4,71
141,192,1,3,4,68
419,221,1,0,4,92
419,221,1,1,4,104
419,221,1,2,4,79
419,221,1,3,4,80
419,221,1,0,4,94
419,221,1,1,4,104
419,221,1,2,4,72
419,221,1,3,4,83
419,221,1,0,4,94
419,221,1,1,4,103
419,221,1,2,4,0
419,221,1,3,4,78
597,221,1,0,4,97
597,221,1,1,4,98
597,221,1,2,4,74
597,221,1,3,4,96
597,221,1,0,4,97
597,221,1,1,4,97
597,221,1,2,4,0
597,221,1,3,4,95
597,221,1,0,4,94
597,221,1,1,4,93
597,221,1,2,4,0
597,221,1,3,4,95
579,255,1,0,4,101
579,255,1,1,4,67
579,255,1,2,4,80
579,255,1,3,4,101
579,255,1,0,4,101
579,255,1,1,4,0
579,255,1,2,4,78
579,255,1,3,4,0
579,255,1,0,4,101
579,255,1,1,4,68
579,255,1,2,4,73
579,255,1,3,4,101
642,303,1,0,4,0
642,303,1,1,4,79
642,303,1,2,4,72
642,303,1,3,4,73
642,303,1,0,4,87
642,303,1,1,4,0
642,303,1,2,4,73
642,303,1,3,4,74
642,303,1,0,4,87
642,303,1,1,4,79
642,303,1,2,4,73
642,303,1,3,4,73
166,302,1,0,4,73
166,302,1,1,4,0
166,302,1,2,4,68
166,302,1,3,4,65
166,302,1,0,4,69
166,302,1,1,4,69
166,302,1,2,4,68
166,302,1,3,4,71
166,302,1,0,4,0
166,302,1,1,4,0
166,302,1,2,4,0
166,302,1,3,4,0
71,160,1,0,4,0
71,160,1,1,4,0
71,160,1,2,4,0
71,160,1,3,4,0
71,160,1,0,4,0
71,160,1,1,4,0
71,160,1,2,4,0
71,160,1,3,4,0
71,160,1,0,4,0
71,160,1,1,4,0
71,160,1,2,4,0
71,160,1,3,4,0
361,8,1,0,4,67
361,8,1,1,4,0
361,8,1,2,4,78
361,8,1,3,4,0
361,8,1,0,4,68
361,8,1,1,4,71
361,8,1,2,4,77
361,8,1,3,4,0
361,8,1,0,4,67
361,8,1,1,4,72
361,8,1,2,4,75
361,8,1,3,4,0
641,8,1,0,4,72
641,8,1,1,4,79
641,8,1,2,4,73
641,8,1,3,4,70
641,8,1,0,4,70
641,8,1,1,4,79
641,8,1,2,4,76
641,8,1,3,4,69
641,8,1,0,4,72
641,8,1,1,4,77
641,8,1,2,4,74
641,8,1,3,4,71
946,163,1,0,4,0
946,163,1,1,4,0
946,163,1,2,4,69
946,163,1,3,4,0
946,163,1,0,4,0
946,163,1,1,4,0
946,163,1,2,4,0
946,163,1,3,4,0
946,163,1,0,4,0
946,163,1,1,4,0
946,163,1,2,4,70
946,163,1,3,4,67
659,171,2,0,4,129
659,171,2,1,4,138
659,171,2,2,4,118
659,171,2,3,4,112
659,171,2,0,4,128
659,171,2,1,4,139
659,171,2,2,4,116
659,171,2,3,4,113
659,171,2,0,4,0
659,171,2,1,4,0
659,171,2,2,4,0
659,171,2,3,4,0
710,244,2,0,4,99
710,244,2,1,4,70
710,244,2,2,4,97
710,244,2,3,4,109
710,244,2,0,4,96
710,244,2,1,4,71
710,244,2,2,4,97
710,244,2,3,4,107
710,244,2,0,4,96
710,244,2,1,4,76
710,244,2,2,4,87
710,244,2,3,4,105
810,256,2,0,4,85
810,256,2,1,4,85
810,256,2,2,4,92
810,256,2,3,4,101
810,256,2,0,4,85
810,256,2,1,4,86
810,256,2,2,4,93
810,256,2,3,4,101
810,256,2,0,4,86
810,256,2,1,4,85
810,256,2,2,4,93
810,256,2,3,4,101
945,217,2,0,4,76
945,217,2,1,4,72
945,217,2,2,4,86
945,217,2,3,4,94
945,217,2,0,4,76
945,217,2,1,4,73
945,217,2,2,4,85
945,217,2,3,4,92
945,217,2,0,4,77
945,217,2,1,4,72
945,217,2,2,4,85
945,217,2,3,4,95
712,77,2,0,4,110
712,77,2,1,4,98
712,77,2,2,4,115
712,77,2,3,4,124
712,77,2,0,4,109
712,77,2,1,4,98
712,77,2,2,4,114
712,77,2,3,4,125
712,77,2,0,4,109
712,77,2,1,4,102
712,77,2,2,4,114
712,77,2,3,4,125
804,69,2,0,4,101
804,69,2,1,4,102
804,69,2,2,4,98
804,69,2,3,4,111
804,69,2,0,4,0
804,69,2,1,4,0
804,69,2,2,4,0
804,69,2,3,4,0
804,69,2,0,4,0
804,69,2,1,4,0
804,69,2,2,4,0
804,69,2,3,4,0
947,106,2,0,4,96
947,106,2,1,4,87
947,106,2,2,4,94
947,106,2,3,4,94
947,106,2,0,4,95
947,106,2,1,4,86
947,106,2,2,4,93
947,106,2,3,4,96
947,106,2,0,4,95
947,106,2,1,4,87
947,106,2,2,4,91
947,106,2,3,4,96
497,100,2,0,4,117
497,100,2,1,4,114
497,100,2,2,4,107
497,100,2,3,4,107
497,100,2,0,4,112
497,100,2,1,4,111
497,100,2,2,4,97
497,100,2,3,4,97
497,100,2,0,4,112
497,100,2,1,4,106
497,100,2,2,4,105
497,100,2,3,4,76
290,80,2,0,4,90
290,80,2,1,4,103
290,80,2,2,4,93
290,80,2,3,4,79
290,80,2,0,4,98
290,80,2,1,4,104
290,80,2,2,4,85
290,80,2,3,4,71
290,80,2,0,4,98
290,80,2,1,4,104
290,80,2,2,4,87
290,80,2,3,4,70
184,73,2,0,4,72
184,73,2,1,4,92
184,73,2,2,4,70
184,73,2,3,4,77
184,73,2,0,4,76
184,73,2,1,4,92
184,73,2,2,4,67
184,73,2,3,4,74
184,73,2,0,4,79
184,73,2,1,4,92
184,73,2,2,4,68
184,73,2,3,4,79
46,109,2,0,4,66
46,109,2,1,4,65
46,109,2,2,4,68
46,109,2,3,4,70
46,109,2,0,4,68
46,109,2,1,4,0
46,109,2,2,4,72
46,109,2,3,4,69
46,109,2,0,4,69
46,109,2,1,4,0
46,109,2,2,4,71
46,109,2,3,4,69
327,168,2,0,4,105
327,168,2,1,4,98
327,168,2,2,4,95
327,168,2,3,4,96
327,168,2,0,4,104
327,168,2,1,4,100
327,168,2,2,4,96
327,168,2,3,4,100
327,168,2,0,4,102
327,168,2,1,4,88
327,168,2,2,4,91
327,168,2,3,4,107
286,240,2,0,4,93
286,240,2,1,4,98
286,240,2,2,4,75
286,240,2,3,4,81
286,240,2,0,4,93
286,240,2,1,4,96
286,240,2,2,4,77
286,240,2,3,4,81
286,240,2,0,4,93
286,240,2,1,4,96
286,240,2,2,4,78
286,240,2,3,4,81
181,241,2,0,4,81
181,241,2,1,4,90
181,241,2,2,4,77
181,241,2,3,4,72
181,241,2,0,4,83
181,241,2,1,4,94
181,241,2,2,4,77
181,241,2,3,4,74
181,241,2,0,4,81
181,241,2,1,4,88
181,241,2,2,4,78
181,241,2,3,4,72
76,213,2,0,4,68
76,213,2,1,4,70
76,213,2,2,4,77
76,213,2,3,4,70
76,213,2,0,4,69
76,213,2,1,4,73
76,213,2,2,4,77
76,213,2,3,4,68
76,213,2,0,4,67
76,213,2,1,4,73
76,213,2,2,4,76
76,213,2,3,4,70
394,283,2,0,4,70
394,283,2,1,4,84
394,283,2,2,4,78
394,283,2,3,4,94
394,283,2,0,4,74
394,283,2,1,4,80
394,283,2,2,4,72
394,283,2,3,4,94
394,283,2,0,4,68
394,283,2,1,4,87
394,283,2,2,4,73
394,283,2,3,4,95
